{
  "project_info": {
    "project_number": "63218034496",
    "project_id": "richiesta-project",
    "storage_bucket": "richiesta-project.appspot.com"
  },
  "client": [
    {
      "client_info": {
        "mobilesdk_app_id": "1:63218034496:android:ea185e64dc72d6ee21bca5",
        "android_client_info": {
          "package_name": "com.rkesta.richiesta"
        }
      },
      "oauth_client": [
        {
          "client_id": "63218034496-1n5vs9l62aub3u35g79sbnvngenk1rv8.apps.googleusercontent.com",
          "client_type": 3
        }
      ],
      "api_key": [
        {
          "current_key": "AIzaSyD-lXEsmk8QxSDeRaau2AkmT7fQ0-YIsoo"
        }
      ],
      "services": {
        "appinvite_service": {
          "other_platform_oauth_client": [
            {
              "client_id": "63218034496-1n5vs9l62aub3u35g79sbnvngenk1rv8.apps.googleusercontent.com",
              "client_type": 3
            }
          ]
        }
      }
    }
  ],
  "configuration_version": "1"
}